,f (Hz),spec (norm.),phase (rad),shear (Hz)
0,111000000000000.0,0.0012300061310437462,8.840416426939461,1000000000000
1,111061179087875.42,0.0012824662516734808,8.788229989825954,1000000000000
2,111122358175750.83,0.0013369892284945902,8.736176654075893,1000000000000
3,111183537263626.25,0.0013936482221664434,8.684256652613623,1000000000000
4,111244716351501.67,0.001452518644356105,8.632470217776806,1000000000000
5,111305895439377.08,0.0015136782129163504,8.580817581318513,1000000000000
6,111367074527252.5,0.0015772070078611173,8.529298974409276,1000000000000
7,111428253615127.92,0.0016431875281271266,8.47791462763929,1000000000000
8,111489432703003.34,0.001711704749109674,8.42666477102046,1000000000000
9,111550611790878.75,0.0017828461809588677,8.375549633988536,1000000000000
10,111611790878754.17,0.0018567019276216432,8.324569445405178,1000000000000
11,111672969966629.6,0.0019333647466132243,8.273724433560128,1000000000000
12,111734149054505.0,0.00201293010950085,8.223014826173301,1000000000000
13,111795328142380.42,0.0020954962630807977,8.172440850396834,1000000000000
14,111856507230255.84,0.00218116429122822,8.122002732817284,1000000000000
15,111917686318131.25,0.0022700381773984113,8.071700699457699,1000000000000
16,111978865406006.67,0.002362224867756089,8.02153497577968,1000000000000
17,112040044493882.1,0.0024578343349077026,7.971505786685574,1000000000000
18,112101223581757.52,0.0025569796422108323,7.92161335652053,1000000000000
19,112162402669632.92,0.0026597770086323616,7.871857909074631,1000000000000
20,112223581757508.34,0.0027663458741260887,7.822239667584954,1000000000000
21,112284760845383.77,0.0028768089654981023,7.772758854737756,1000000000000
22,112345939933259.17,0.0029912923627273534,7.723415692670541,1000000000000
23,112407119021134.6,0.003109925565706508,7.674210402974137,1000000000000
24,112468298109010.02,0.0032328415613662544,7.625143206694874,1000000000000
25,112529477196885.42,0.0033601768911452005,7.576214324336657,1000000000000
26,112590656284760.84,0.0034920717187649454,7.527423975863043,1000000000000
27,112651835372636.27,0.0036286698982679966,7.478772380699415,1000000000000
28,112713014460511.69,0.003770119042275056,7.430259757735049,1000000000000
29,112774193548387.1,0.00391657059041538,7.381886325325244,1000000000000
30,112835372636262.52,0.004068179877882624,7.333652301293379,1000000000000
31,112896551724137.94,0.004225106204065863,7.285557902933106,1000000000000
32,112957730812013.34,0.004387512901204539,7.237603347010408,1000000000000
33,113018909899888.77,0.004555567403013077,7.18978884976568,1000000000000
34,113080088987764.19,0.0047294413132190245,7.1421146269159115,1000000000000
35,113141268075639.6,0.004909310473957175,7.094580893656752,1000000000000
36,113202447163515.02,0.005095355033959377,7.047187864664592,1000000000000
37,113263626251390.44,0.005287759516477343,6.999935754098736,1000000000000
38,113324805339265.84,0.005486712886874856,6.952824775603483,1000000000000
39,113385984427141.27,0.005692408619822609,6.905855142310196,1000000000000
40,113447163515016.69,0.005905044766026476,6.859027066839478,1000000000000
41,113508342602892.11,0.006124824018419451,6.81234076130324,1000000000000
42,113569521690767.52,0.006351953777743494,6.765796437306833,1000000000000
43,113630700778642.94,0.006586646217446794,6.719394305951104,1000000000000
44,113691879866518.36,0.006829118347818341,6.673134577834581,1000000000000
45,113753058954393.77,0.007079592079281373,6.627017463055544,1000000000000
46,113814238042269.19,0.007338294284763737,6.581043171214099,1000000000000
47,113875417130144.61,0.007605456861060744,6.535211911414359,1000000000000
48,113936596218020.02,0.007881316789105834,6.489523892266516,1000000000000
49,113997775305895.44,0.008166116193060515,6.443979321888914,1000000000000
50,114058954393770.86,0.00846010239813278,6.398578407910228,1000000000000
51,114120133481646.28,0.008763527987033164,6.353321357471527,1000000000000
52,114181312569521.69,0.009076650854973015,6.308208377228409,1000000000000
53,114242491657397.11,0.009399734263109598,6.263239673353059,1000000000000
54,114303670745272.53,0.009733046890338383,6.218415451536428,1000000000000
55,114364849833147.94,0.010076862883333813,6.173735916990307,1000000000000
56,114426028921023.36,0.010431461904735451,6.129201274449406,1000000000000
57,114487208008898.78,0.010797129179374703,6.084811728173525,1000000000000
58,114548387096774.19,0.011174155538437532,6.040567481949634,1000000000000
59,114609566184649.61,0.011562837461454529,5.996468739093941,1000000000000
60,114670745272525.03,0.011963477116008075,5.952515702454078,1000000000000
61,114731924360400.44,0.01237638239504652,5.908708574411168,1000000000000
62,114793103448275.86,0.01280186695169217,5.865047556881905,1000000000000
63,114854282536151.28,0.013240250231426913,5.821532851320725,1000000000000
64,114915461624026.7,0.013691857501541912,5.778164658721878,1000000000000
65,114976640711902.11,0.0141570198777317,5.734943179621551,1000000000000
66,115037819799777.53,0.014636074347715251,5.6918686140999375,1000000000000
67,115098998887652.95,0.015129363791762104,5.64894116178341,1000000000000
68,115160177975528.36,0.015637237000003835,5.606161021846599,1000000000000
69,115221357063403.78,0.01616004868640778,5.563528393014464,1000000000000
70,115282536151279.2,0.016698159499287896,5.521043473564474,1000000000000
71,115343715239154.61,0.017251936028230577,5.4787064613286764,1000000000000
72,115404894327030.03,0.017821750807308873,5.436517553695781,1000000000000
73,115466073414905.45,0.018407982314457807,5.394476947613327,1000000000000
74,115527252502780.88,0.019011014966886414,5.352584839589755,1000000000000
75,115588431590656.28,0.019631239112397322,5.310841425696532,1000000000000
76,115649610678531.7,0.020269051016487575,5.269246901570218,1000000000000
77,115710789766407.12,0.020924852845100615,5.227801462414644,1000000000000
78,115771968854282.53,0.02159905264290409,5.186505303002981,1000000000000
79,115833147942157.95,0.022292064306964125,5.145358617679826,1000000000000
80,115894327030033.38,0.023004307555686335,5.104361600363368,1000000000000
81,115955506117908.78,0.023736207892899215,5.063514444547462,1000000000000
82,116016685205784.2,0.024488196566950733,5.022817343303716,1000000000000
83,116077864293659.62,0.025260710524690012,4.982270489283659,1000000000000
84,116139043381535.03,0.026054192360211007,4.941874074720814,1000000000000
85,116200222469410.45,0.02686909025823172,4.901628291432778,1000000000000
86,116261401557285.88,0.02770585793198261,4.861533330823398,1000000000000
87,116322580645161.3,0.028564954555485366,4.82158938388483,1000000000000
88,116383759733036.7,0.029446844690096674,4.781796641199677,1000000000000
89,116444938820912.12,0.03035199820519991,4.74215529294305,1000000000000
90,116506117908787.55,0.03128089019292261,4.702665528884741,1000000000000
91,116567296996662.95,0.032234000876767234,4.663327538391302,1000000000000
92,116628476084538.38,0.03321181551403908,4.624141510428122,1000000000000
93,116689655172413.8,0.03421482429195682,4.585107633561598,1000000000000
94,116750834260289.2,0.03524352221734004,4.54622609596121,1000000000000
95,116812013348164.62,0.03629840899976467,4.507497085401606,1000000000000
96,116873192436040.05,0.037379988928079505,4.468920789264764,1000000000000
97,116934371523915.47,0.03848877074018734,4.430497394542066,1000000000000
98,116995550611790.88,0.03962526748598851,4.392227087836424,1000000000000
99,117056729699666.3,0.04078999638339527,4.35411005536435,1000000000000
100,117117908787541.72,0.041983478667321265,4.316146482958124,1000000000000
101,117179087875417.12,0.0432062394315647,4.278336556067876,1000000000000
102,117240266963292.55,0.0444588074634986,4.240680459763659,1000000000000
103,117301446051167.97,0.04574171507148708,4.203178378737623,1000000000000
104,117362625139043.38,0.04705549790495793,4.165830497306089,1000000000000
105,117423804226918.8,0.04840069476705941,4.128636999411639,1000000000000
106,117484983314794.22,0.04977784741983241,4.091598068625264,1000000000000
107,117546162402669.62,0.05118750038184433,4.054713888148466,1000000000000
108,117607341490545.05,0.05263020071822708,4.017984640815322,1000000000000
109,117668520578420.47,0.054106497823065924,3.981410509094657,1000000000000
110,117729699666295.89,0.05561694319410307,3.9449916750921132,1000000000000
111,117790878754171.3,0.057162090199712155,3.908728320552279,1000000000000
112,117852057842046.72,0.05874249383811633,3.8726206268607584,1000000000000
113,117913236929922.14,0.06035871048881881,3.836668775046336,1000000000000
114,117974416017797.55,0.062011297656233644,3.800872945783061,1000000000000
115,118035595105672.97,0.0637008137055027,3.765233319392324,1000000000000
116,118096774193548.39,0.06542781759048769,3.729750075845024,1000000000000
117,118157953281423.8,0.06719286857394853,3.694423394763648,1000000000000
118,118219132369299.22,0.06899652593991241,3.6592534554243548,1000000000000
119,118280311457174.64,0.07083934869824651,3.6242404367591354,1000000000000
120,118341490545050.06,0.07272189528146704,3.5893845173578884,1000000000000
121,118402669632925.47,0.07464472323380981,3.5546858754705433,1000000000000
122,118463848720800.89,0.0766083888926077,3.5201446890091392,1000000000000
123,118525027808676.31,0.07861344706201608,3.4857611355499794,1000000000000
124,118586206896551.72,0.08066045067915194,3.4515353923357215,1000000000000
125,118647385984427.14,0.08274995047270797,3.417467636277454,1000000000000
126,118708565072302.56,0.08488249461411025,3.3835580439568615,1000000000000
127,118769744160177.97,0.08705862836131223,3.3498067916283043,1000000000000
128,118830923248053.39,0.08927889369531215,3.3162140552209034,1000000000000
129,118892102335928.81,0.09154382894948918,3.2827800103407005,1000000000000
130,118953281423804.22,0.09385396843187849,3.2495048322727413,1000000000000
131,119014460511679.64,0.09620984204050077,3.216388695983157,1000000000000
132,119075639599555.06,0.09861197487186812,3.1834317761213278,1000000000000
133,119136818687430.48,0.10106088682281696,3.1506342470219533,1000000000000
134,119197997775305.89,0.10355709218580654,3.117996282707182,1000000000000
135,119259176863181.31,0.10610109923784844,3.0855180568886835,1000000000000
136,119320355951056.73,0.10869340982322405,3.0531997429698112,1000000000000
137,119381535038932.14,0.11133451893017993,3.021041514047684,1000000000000
138,119442714126807.56,0.11402491426178395,2.9890435429152666,1000000000000
139,119503893214682.98,0.1167650758011321,2.9572060020635367,1000000000000
140,119565072302558.4,0.11955547537112757,2.925529063683552,1000000000000
141,119626251390433.81,0.12239657618903785,2.8940128996685806,1000000000000
142,119687430478309.23,0.12528883241606784,2.862657681616177,1000000000000
143,119748609566184.66,0.12823268870217222,2.8314635808303357,1000000000000
144,119809788654060.06,0.131228579726372,2.8004307683235807,1000000000000
145,119870967741935.48,0.13427692973282418,2.7695594148190485,1000000000000
146,119932146829810.9,0.13737815206290724,2.738849690752642,1000000000000
147,119993325917686.31,0.14053264868361212,2.7083017662751203,1000000000000
148,120054505005561.73,0.14374080971252257,2.677915811254181,1000000000000
149,120115684093437.16,0.14700301293967138,2.6476919952766163,1000000000000
150,120176863181312.56,0.15031962334659774,2.617630487650399,1000000000000
151,120238042269187.98,0.15369099262291303,2.5877314574067674,1000000000000
152,120299221357063.4,0.15711745868069543,2.5579950733023815,1000000000000
153,120360400444938.81,0.1605993451670629,2.5284215038214075,1000000000000
154,120421579532814.23,0.16413696097526392,2.499010917177606,1000000000000
155,120482758620689.66,0.1677305997546302,2.4697634813164826,1000000000000
156,120543937708565.08,0.17138053941977233,2.4406793639173707,1000000000000
157,120605116796440.48,0.17508704165937575,2.411758732395552,1000000000000
158,120666295884315.9,0.1788503514449886,2.3830017539043378,1000000000000
159,120727474972191.33,0.1826706965401742,2.3544085953372207,1000000000000
160,120788654060066.73,0.18654828701044374,2.325979423329963,1000000000000
161,120849833147942.16,0.19048331473436478,2.2977144042626803,1000000000000
162,120911012235817.58,0.19447595291624933,2.2696137042620004,1000000000000
163,120972191323693.0,0.19852635560085877,2.241677489203136,1000000000000
164,121033370411568.4,0.20263465719053736,2.2139059247120105,1000000000000
165,121094549499443.83,0.206800971965219,2.1862991761673416,1000000000000
166,121155728587319.25,0.21102539360572972,2.1588574087027874,1000000000000
167,121216907675194.66,0.21530799472085324,2.1315807872090384,1000000000000
168,121278086763070.08,0.21964882637859956,2.1044694763359018,1000000000000
169,121339265850945.5,0.22404791764212464,2.0775236404944555,1000000000000
170,121400444938820.9,0.22850527511078292,2.050743443859133,1000000000000
171,121461624026696.33,0.23302088246676772,2.0241290503698144,1000000000000
172,121522803114571.75,0.23759470002780203,1.997680623733974,1000000000000
173,121583982202447.16,0.24222666430637194,1.9713983274287696,1000000000000
174,121645161290322.58,0.24691668757597354,1.9452823247031326,1000000000000
175,121706340378198.0,0.2516646574448394,1.919332778579914,1000000000000
176,121767519466073.4,0.2564704364376532,1.8935498518579754,1000000000000
177,121828698553948.83,0.2613338615857237,1.867933707114278,1000000000000
178,121889877641824.25,0.26625474402609556,1.8424845067060303,1000000000000
179,121951056729699.67,0.27123286861010854,1.8172024127727702,1000000000000
180,122012235817575.08,0.27626799352187204,1.7920875872384883,1000000000000
181,122073414905450.5,0.2813598499071596,1.767140191813709,1000000000000
182,122134593993325.92,0.2865081415131922,1.7423603879976404,1000000000000
183,122195773081201.33,0.2917125443398186,1.7177483370802615,1000000000000
184,122256952169076.75,0.2969727063025707,1.6933042001444134,1000000000000
185,122318131256952.17,0.30228824690806255,1.6690281380679455,1000000000000
186,122379310344827.6,0.30765875694224026,1.6449203115257998,1000000000000
187,122440489432703.0,0.31308379817194065,1.620980880992131,1000000000000
188,122501668520578.42,0.3185629030602459,1.5972100067423918,1000000000000
189,122562847608453.84,0.324095574496086,1.5736078488554783,1000000000000
190,122624026696329.25,0.3296812855385765,1.5501745672158207,1000000000000
191,122685205784204.67,0.3353194791765425,1.526910321515473,1000000000000
192,122746384872080.1,0.34100956810366645,1.5038152712562587,1000000000000
193,122807563959955.5,0.3467509345097355,1.4808895757518612,1000000000000
194,122868743047830.92,0.3525429298884125,1.4581333941299168,1000000000000
195,122929922135706.34,0.358384874861953,1.4355468853341558,1000000000000
196,122991101223581.75,0.36427605902331556,1.4131302081264956,1000000000000
197,123052280311457.17,0.37021574079606945,1.3908835210891324,1000000000000
198,123113459399332.6,0.37620314731248994,1.3688069826266833,1000000000000
199,123174638487208.0,0.38223747431026567,1.3469007509682793,1000000000000
200,123235817575083.42,0.38831788604818757,1.3251649841696564,1000000000000
201,123296996662958.84,0.39444351524117977,1.3035998401152982,1000000000000
202,123358175750834.27,0.4006134630150634,1.2822054765205224,1000000000000
203,123419354838709.67,0.4068267988813785,1.260982050933601,1000000000000
204,123480533926585.1,0.4130825607326175,1.239929720737847,1000000000000
205,123541713014460.52,0.4193797548581706,1.2190486431537566,1000000000000
206,123602892102335.92,0.4257173559813192,1.1983389752410996,1000000000000
207,123664071190211.34,0.4320943073175589,1.1778008739010155,1000000000000
208,123725250278086.77,0.4385095206545161,1.1574344958781513,1000000000000
209,123786429365962.19,0.4449618764537542,1.1372399977627505,1000000000000
210,123847608453837.6,0.4514502239746863,1.1172175359927725,1000000000000
211,123908787541713.02,0.4579733814208494,1.0973672668559808,1000000000000
212,123969966629588.44,0.46453013610872507,1.077689346492082,1000000000000
213,124031145717463.84,0.4711192446593333,1.0581839308948195,1000000000000
214,124092324805339.27,0.477739433212762,1.0388511759140677,1000000000000
215,124153503893214.69,0.4843893976657797,1.0196912372579707,1000000000000
216,124214682981090.1,0.491067803932696,1.0007042704950355,1000000000000
217,124275862068965.52,0.4977732882295813,0.9818904310562275,1000000000000
218,124337041156840.94,0.5045044573819266,0.9632498742371073,1000000000000
219,124398220244716.34,0.5112598891558575,0.9447827551999256,1000000000000
220,124459399332591.77,0.5180381326129471,0.9264892289757173,1000000000000
221,124520578420467.19,0.5248377084886501,0.9083694504664398,1000000000000
222,124581757508342.61,0.5316571095944101,0.8904235744470619,1000000000000
223,124642936596218.02,0.5384948012434099,0.8726517555676822,1000000000000
224,124704115684093.44,0.5453492216999564,0.8550541483556198,1000000000000
225,124765294771968.86,0.552218782652431,0.8376309072175505,1000000000000
226,124826473859844.27,0.5591018697097634,0.820382186441602,1000000000000
227,124887652947719.69,0.5659968429213248,0.803308140199449,1000000000000
228,124948832035595.11,0.5729020373201074,0.7864089225484492,1000000000000
229,125010011123470.53,0.5798157634890874,0.7696846874337343,1000000000000
230,125071190211345.94,0.5867363081505813,0.7531355886903272,1000000000000
231,125132369299221.36,0.5936619347784357,0.736761780045234,1000000000000
232,125193548387096.78,0.6005908842328107,0.7205634151195786,1000000000000
233,125254727474972.19,0.6075213754173647,0.7045406474306982,1000000000000
234,125315906562847.61,0.614451605958568,0.6886936303942406,1000000000000
235,125377085650723.03,0.6213797529068534,0.6730225173262967,1000000000000
236,125438264738598.44,0.6283039734593372,0.6575274614454979,1000000000000
237,125499443826473.86,0.6352224057037659,0.6422086158751124,1000000000000
238,125560622914349.28,0.6421331693833343,0.627066133645178,1000000000000
239,125621802002224.69,0.6490343666820276,0.6121001676945999,1000000000000
240,125682981090100.11,0.655924083030087,0.5973108708732462,1000000000000
241,125744160177975.53,0.6628003879291625,0.5826983959440816,1000000000000
242,125805339265850.94,0.6696613357967486,0.5682628955852634,1000000000000
243,125866518353726.36,0.6765049668294258,0.5540045223922404,1000000000000
244,125927697441601.78,0.6833293078844106,0.5399234288798826,1000000000000
245,125988876529477.2,0.6901323733789412,0.5260197674845768,1000000000000
246,126050055617352.61,0.6969121662069461,0.5122936905663409,1000000000000
247,126111234705228.03,0.7036666786724698,0.4987453504109205,1000000000000
248,126172413793103.45,0.7103938934392579,0.4853748992319175,1000000000000
249,126233592880978.86,0.7170917844959471,0.4721824891728887,1000000000000
250,126294771968854.28,0.7237583181362371,0.4591682723094448,1000000000000
251,126355951056729.7,0.7303914539533974,0.44633240065137914,1000000000000
252,126417130144605.12,0.7369891458484977,0.43367502614476344,1000000000000
253,126478309232480.53,0.7435493430516673,0.42119630067406266,1000000000000
254,126539488320355.95,0.7500699911557177,0.4088963760642318,1000000000000
255,126600667408231.38,0.7565490331614034,0.3967754040828431,1000000000000
256,126661846496106.78,0.7629844105336312,0.38483353644218576,1000000000000
257,126723025583982.2,0.7693740642678695,0.3730709248013655,1000000000000
258,126784204671857.62,0.7757159359659904,0.3614877207684317,1000000000000
259,126845383759733.03,0.7820079689208109,0.3500840759024771,1000000000000
260,126906562847608.45,0.788248109208533,0.3388601417157377,1000000000000
261,126967741935483.88,0.794434306788282,0.3278160696757194,1000000000000
262,127028921023359.28,0.8005645166079555,0.316952011207298,1000000000000
263,127090100111234.7,0.8066366997155578,0.30626811769481943,1000000000000
264,127151279199110.12,0.8126488243751685,0.29576454048422574,1000000000000
265,127212458286985.53,0.8185988671867349,0.28544143088515506,1000000000000
266,127273637374860.95,0.8244848142088218,0.27529894017304296,1000000000000
267,127334816462736.38,0.8303046620834442,0.2653372195912469,1000000000000
268,127395995550611.8,0.8360564191621437,0.2555564203531447,1000000000000
269,127457174638487.2,0.8417381066324051,0.2459566936442483,1000000000000
270,127518353726362.62,0.8473477596435538,0.23653819062430276,1000000000000
271,127579532814238.05,0.8528834284312145,0.22730106242941012,1000000000000
272,127640711902113.45,0.8583431794394717,0.21824546017413035,1000000000000
273,127701890989988.88,0.863725096439819,0.2093715349535836,1000000000000
274,127763070077864.3,0.8690272816459823,0.2006794378455729,1000000000000
275,127824249165739.72,0.8742478568237456,0.19216931991268368,1000000000000
276,127885428253615.12,0.8793849643948511,0.1838413322043971,1000000000000
277,127946607341490.55,0.8844367685340836,0.17569562575919034,1000000000000
278,128007786429365.97,0.8894014562586213,0.1677323516066582,1000000000000
279,128068965517241.38,0.8942772385087723,0.15995166076961542,1000000000000
280,128130144605116.8,0.8990623512191855,0.15235370426619976,1000000000000
281,128191323692992.22,0.9037550563796349,0.14493863311199265,1000000000000
282,128252502780867.62,0.9083536430845043,0.137706598322122,1000000000000
283,128313681868743.05,0.9128564285700779,0.13065775091336554,1000000000000
284,128374860956618.47,0.9172617592387505,0.12379224190627089,1000000000000
285,128436040044493.88,0.9215680116693038,0.11711022232725857,1000000000000
286,128497219132369.3,0.9257735936123775,0.11061184321072594,1000000000000
287,128558398220244.72,0.929876944970274,0.10429725560116623,1000000000000
288,128619577308120.12,0.9338765387602693,0.09816661055527216,1000000000000
289,128680756395995.55,0.9377708820605943,0.09222005914404013,1000000000000
290,128741935483870.97,0.9415585169382508,0.08645775245488861,1000000000000
291,128803114571746.38,0.9452380213578827,0.08087984159376194,1000000000000
292,128864293659621.8,0.9488080100708928,0.07548647768723515,1000000000000
293,128925472747497.22,0.9522671354840234,0.07027781188463142,1000000000000
294,128986651835372.64,0.9556140885066571,0.06525399536012498,1000000000000
295,129047830923248.06,0.9588475993760749,0.0604151793148516,1000000000000
296,129109010011123.47,0.9619664384599523,0.05576151497901849,1000000000000
297,129170189098998.89,0.9649694170353862,0.05129315361400838,1000000000000
298,129231368186874.31,0.9678553880437469,0.0470102465144956,1000000000000
299,129292547274749.72,0.9706232468207066,0.04291294501055106,1000000000000
300,129353726362625.14,0.9732719318007775,0.03900140046974819,1000000000000
301,129414905450500.56,0.9758004251957344,0.035275764299278034,1000000000000
302,129476084538375.97,0.9782077536463182,0.03173618794805473,1000000000000
303,129537263626251.39,0.980492988846636,0.028382822908821884,1000000000000
304,129598442714126.81,0.9826552481406909,0.025215820720266794,1000000000000
305,129659621802002.22,0.9846936950905125,0.022235332969126356,1000000000000
306,129720800889877.64,0.9866075400153745,0.019441511292293857,1000000000000
307,129781979977753.06,0.9883960405016065,0.01683450737893237,1000000000000
308,129843159065628.47,0.9900585018825485,0.014414472972581058,1000000000000
309,129904338153503.89,0.9915942776882094,0.012181559873262419,1000000000000
310,129965517241379.31,0.9930027700642177,0.010135919939594795,1000000000000
311,130026696329254.72,0.9942834301596936,0.00827770509089915,1000000000000
312,130087875417130.14,0.9954357584836837,0.006607067309306702,1000000000000
313,130149054505005.56,0.9964593052298336,0.005124158641870592,1000000000000
314,130210233592880.98,0.9973536705690091,0.0038291312026727817,1000000000000
315,130271412680756.39,0.9981185049095922,0.0027221371749336473,1000000000000
316,130332591768631.81,0.9987535091252202,0.001803328813119728,1000000000000
317,130393770856507.23,0.999258434749757,0.0010728584450542574,1000000000000
318,130454949944382.66,0.9996330841393202,0.0005308784740248217,1000000000000
319,130516129032258.06,0.9998773106012157,0.00017754138089256713,1000000000000
320,130577308120133.48,0.9999910184896621,1.299972620072194e-05,1000000000000
321,130638487208008.9,0.9999741632682166,3.7406152283973504e-05,1000000000000
322,130699666295884.31,0.9998267515388476,0.00025091338537681544,1000000000000
323,130760845383759.73,0.9995488410376235,0.0006536742377227636,1000000000000
324,130822024471635.16,0.9991405405970275,0.001245841609682864,1000000000000
325,130883203559510.56,0.9986020100749263,0.0020275684918444744,1000000000000
326,130944382647385.98,0.9979334602502624,0.0029990079671309154,1000000000000
327,131005561735261.4,0.9971351526855632,0.0041603132129091076,1000000000000
328,131066740823136.81,0.9962073995563934,0.005511637503098789,1000000000000
329,131127919911012.23,0.9951505634479041,0.007053134210282604,1000000000000
330,131189098998887.66,0.9939650571186682,0.008784956807812863,1000000000000
331,131250278086763.06,0.9926513432320144,0.010707258871921203,1000000000000
332,131311457174638.48,0.991209934055104,0.012820194083829105,1000000000000
333,131372636262513.9,0.9896413911260287,0.015123916231853787,1000000000000
334,131433815350389.31,0.9879463248892272,0.0176185792135183,1000000000000
335,131494994438264.73,0.9861253942995535,0.02030433703766248,1000000000000
336,131556173526140.16,0.9841793063953621,0.023181343826547973,1000000000000
337,131617352614015.58,0.9821088158409857,0.026249753817969568,1000000000000
338,131678531701890.98,0.9799147244390324,0.029509721367362542,1000000000000
339,131739710789766.4,0.9775978806129308,0.03296140094991492,1000000000000
340,131800889877641.83,0.9751591788602072,0.036604947162671264,1000000000000
341,131862068965517.25,0.9725995591769685,0.04044051472664482,1000000000000
342,131923248053392.66,0.9699200064541255,0.04446825848892447,1000000000000
343,131984427141268.08,0.9671215498458874,0.04868833342478777,1000000000000
344,132045606229143.5,0.9642052621111066,0.05310089463980357,1000000000000
345,132106785317018.9,0.9611722589280522,0.057706097371943745,1000000000000
346,132167964404894.33,0.9580236981832273,0.06250409699369576,1000000000000
347,132229143492769.75,0.9547607792348749,0.06749504901416442,1000000000000
348,132290322580645.16,0.9513847421518133,0.07267910908118413,1000000000000
349,132351501668520.58,0.9478968669282839,0.07805643298343178,1000000000000
350,132412680756396.0,0.9442984726755127,0.08362717665252768,1000000000000
351,132473859844271.4,0.9405909167906891,0.08939149616514822,1000000000000
352,132535038932146.83,0.9367755941040972,0.09534954774513923,1000000000000
353,132596218020022.25,0.9328539360051623,0.10150148776561611,1000000000000
354,132657397107897.66,0.9288274095481578,0.1078474727510767,1000000000000
355,132718576195773.08,0.924697516538365,0.11438765937951535,1000000000000
356,132779755283648.5,0.9204657925994909,0.12112220448452195,1000000000000
357,132840934371523.9,0.9161338062231347,0.12805126505739542,1000000000000
358,132902113459399.33,0.9117031578011349,0.13517499824925805,1000000000000
359,132963292547274.75,0.9071754786416417,0.14249356137315386,1000000000000
360,133024471635150.17,0.9025524299697407,0.15000711190616417,1000000000000
361,133085650723025.58,0.8978357019134982,0.15771580749151304,1000000000000
362,133146829810901.0,0.8930270124762824,0.1656198059406838,1000000000000
363,133208008898776.42,0.8881281064962501,0.17371926523551606,1000000000000
364,133269187986651.84,0.8831407545938552,0.18201434353032267,1000000000000
365,133330367074527.25,0.8780667521082864,0.19050519915399397,1000000000000
366,133391546162402.67,0.8729079180237085,0.19919199061211573,1000000000000
367,133452725250278.1,0.8676660938862244,0.20807487658906476,1000000000000
368,133513904338153.5,0.8623431427124337,0.217154015950124,1000000000000
369,133575083426028.92,0.8569409478905007,0.22642956774359885,1000000000000
370,133636262513904.34,0.8514614120746449,0.23590169120291166,1000000000000
371,133697441601779.75,0.8459064560739378,0.24557054574871756,1000000000000
372,133758620689655.17,0.8402780177363166,0.25543629099102094,1000000000000
373,133819799777530.6,0.834578050828735,0.2654990867312694,1000000000000
374,133880978865406.0,0.8288085239143183,0.27575909296446954,1000000000000
375,133942157953281.42,0.8229714192274384,0.28621646988130445,1000000000000
376,134003337041156.84,0.8170687315476117,0.2968713778702262,1000000000000
377,134064516129032.25,0.8111024670730795,0.3077239775195728,1000000000000
378,134125695216907.67,0.8050746422949668,0.31877442961968533,1000000000000
379,134186874304783.1,0.7989872828729081,0.330022895165,1000000000000
380,134248053392658.5,0.7928424225129794,0.34146953535616553,1000000000000
381,134309232480533.92,0.7866421018488087,0.35311451160216045,1000000000000
382,134370411568409.34,0.7803883673267248,0.3649579855223849,1000000000000
383,134431590656284.77,0.7740832700957624,0.37700011894878066,1000000000000
384,134492769744160.19,0.7677288649033636,0.38924107392793744,1000000000000
385,134553948832035.6,0.7613272089975932,0.4016810127231982,1000000000000
386,134615127919911.02,0.75488036103666,0.41432009781678114,1000000000000
387,134676307007786.44,0.7483903800065582,0.42715849191186905,1000000000000
388,134737486095661.84,0.7418593241475776,0.4401963579347277,1000000000000
389,134798665183537.27,0.7352892498904554,0.45343385903682487,1000000000000
390,134859844271412.69,0.7286822108029364,0.46687115859691897,1000000000000
391,134921023359288.1,0.7220402565474372,0.4805084202231782,1000000000000
392,134982202447163.52,0.7153654318505477,0.49434580775529935,1000000000000
393,135043381535038.94,0.7086597754850809,0.5083834852665962,1000000000000
394,135104560622914.34,0.7019253192653203,0.5226216170661186,1000000000000
395,135165739710789.77,0.6951640870561401,0.5370603677007721,1000000000000
396,135226918798665.19,0.6883780937966586,0.5516999019574054,1000000000000
397,135288097886540.6,0.6815693445390155,0.5665403848649293,1000000000000
398,135349276974416.02,0.6747398335028915,0.5815819816964377,1000000000000
399,135410456062291.44,0.6678915431463704,0.5968248579712934,1000000000000
400,135471635150166.84,0.6610264432536761,0.6122691794572481,1000000000000
401,135532814238042.27,0.6541464900403376,0.6279151121725637,1000000000000
402,135593993325917.69,0.647253625276324,0.6437628223880963,1000000000000
403,135655172413793.1,0.6403497754276126,0.6598124766294186,1000000000000
404,135716351501668.52,0.6334368508166841,0.6760642416789387,1000000000000
405,135777530589543.94,0.6265167448024157,0.692518284577987,1000000000000
406,135838709677419.36,0.6195913329797713,0.7091747726289395,1000000000000
407,135899888765294.78,0.6126624723997236,0.7260338733973234,1000000000000
408,135961067853170.19,0.6057320008097856,0.7430957547139211,1000000000000
409,136022246941045.61,0.5988017359155101,0.7603605846768969,1000000000000
410,136083426028921.03,0.5918734746633199,0.7778285316538799,1000000000000
411,136144605116796.44,0.5849489925449548,0.7954997642840846,1000000000000
412,136205784204671.86,0.5780300429238462,0.8133744514804349,1000000000000
413,136266963292547.28,0.5711183563837041,0.8314527624316447,1000000000000
414,136328142380422.69,0.5642156400995343,0.8497348666043409,1000000000000
415,136389321468298.11,0.5573235772313246,0.8682209337451856,1000000000000
416,136450500556173.53,0.5504438263406175,0.8869111338829584,1000000000000
417,136511679644048.94,0.5435780208301161,0.9058056373306768,1000000000000
418,136572858731924.36,0.5367277684064915,0.924904614687722,1000000000000
419,136634037819799.78,0.5298946505665434,0.9442082368419171,1000000000000
420,136695216907675.19,0.5230802221067858,0.9637166749716511,1000000000000
421,136756395995550.61,0.5162860106565661,0.9834301005480027,1000000000000
422,136817575083426.03,0.5095135162347908,1.0033486853368192,1000000000000
423,136878754171301.44,0.5027642108302739,1.02347260140084,1000000000000
424,136939933259176.86,0.49603953800573786,1.0438020211018206,1000000000000
425,137001112347052.28,0.489340912525486,1.0643371171026124,1000000000000
426,137062291434927.69,0.482669720006686,1.0850780623692844,1000000000000
427,137123470522803.11,0.47602731659424036,1.1060250301732493,1000000000000
428,137184649610678.53,0.4694150286591902,1.1271781940933407,1000000000000
429,137245828698553.95,0.4628341525205367,1.1485377280179434,1000000000000
430,137307007786429.38,0.456285954190396,1.1701038061470947,1000000000000
431,137368186874304.78,0.44977166914235756,1.1918766029945917,1000000000000
432,137429365962180.2,0.4432925021028896,1.2138562933901176,1000000000000
433,137490545050055.62,0.4368496268656538,1.236043052481322,1000000000000
434,137551724137931.03,0.4304441861285151,1.258437055735942,1000000000000
435,137612903225806.45,0.42407729135306077,1.281038478943931,1000000000000
436,137674082313681.88,0.4177500226464264,1.3038474982195327,1000000000000
437,137735261401557.28,0.4114634286651641,1.3268642900034062,1000000000000
438,137796440489432.7,0.4052185265409155,1.3500890310647533,1000000000000
439,137857619577308.12,0.39901630182763725,1.3735218985033923,1000000000000
440,137918798665183.53,0.39285770847006685,1.3971630697518829,1000000000000
441,137979977753058.95,0.3867436687931456,1.4210127225776552,1000000000000
442,138041156840934.38,0.38067507351209834,1.4450710350850813,1000000000000
443,138102335928809.78,0.37465278176281896,1.4693381857176018,1000000000000
444,138163515016685.2,0.3686776211522316,1.4938143532598536,1000000000000
445,138224694104560.62,0.3627503878282933,1.518499716839743,1000000000000
446,138285873192436.03,0.3568718465692406,1.54339445593057,1000000000000
447,138347052280311.45,0.35104273089172283,1.568498750353159,1000000000000
448,138408231368186.88,0.34526374317744307,1.593812780277929,1000000000000
449,138469410456062.3,0.33953555481788417,1.6193367262270262,1000000000000
450,138530589543937.7,0.3338588063767315,1.6450707690764224,1000000000000
451,138591768631813.12,0.3282341077695629,1.6710150900580476,1000000000000
452,138652947719688.55,0.32266203846039726,1.6971698707618619,1000000000000
453,138714126807563.97,0.31714314767464147,1.7235352931379888,1000000000000
454,138775305895439.38,0.3116779546280174,1.750111539498811,1000000000000
455,138836484983314.8,0.3062669487710014,1.7768987925211068,1000000000000
456,138897664071190.22,0.3009105900483435,1.8038972352481184,1000000000000
457,138958843159065.62,0.2956093091731802,1.83110705109168,1000000000000
458,139020022246941.05,0.29036350791528576,1.858528423834349,1000000000000
459,139081201334816.47,0.2851735594030027,1.8861615376314715,1000000000000
460,139142380422691.88,0.28003980843835413,1.9140065770133137,1000000000000
461,139203559510567.3,0.27496257182486766,1.94206372688719,1000000000000
462,139264738598442.72,0.26994213870764583,1.9703331725395317,1000000000000
463,139325917686318.12,0.2649787709251701,1.9988150996380147,1000000000000
464,139387096774193.55,0.2600727033723688,2.0275096942336917,1000000000000
465,139448275862068.97,0.25522414437446966,2.0564171427630566,1000000000000
466,139509454949944.38,0.25043327607112753,2.0855376320501757,1000000000000
467,139570634037819.8,0.24570025481034963,2.11487134930882,1000000000000
468,139631813125695.22,0.24102521155174175,2.144418482144526,1000000000000
469,139692992213570.62,0.2364082522785646,2.1741792185567297,1000000000000
470,139754171301446.05,0.23184945841812543,2.2041537469408983,1000000000000
471,139815350389321.47,0.2273488872700311,2.2343422560905903,1000000000000
472,139876529477196.89,0.22290657244179748,2.2647449351996,1000000000000
473,139937708565072.3,0.2185225242913531,2.295361973864046,1000000000000
474,139998887652947.72,0.2141967303759475,2.3261935620845144,1000000000000
475,140060066740823.14,0.20992915590700834,2.3572398902681195,1000000000000
476,140121245828698.56,0.2057197442104551,2.3885011492306423,1000000000000
477,140182424916573.97,0.20156841719202223,2.4199775301986284,1000000000000
478,140243604004449.39,0.19747507580711798,2.451669224811522,1000000000000
479,140304783092324.81,0.19343960053478101,2.483576425123734,1000000000000
480,140365962180200.22,0.18946185185526404,2.5156993236067695,1000000000000
481,140427141268075.64,0.18554167073081024,2.5480381131513616,1000000000000
482,140488320355951.06,0.18167887908919417,2.5805929870695348,1000000000000
483,140549499443826.47,0.1778732803095757,2.6133641390967335,1000000000000
484,140610678531701.89,0.17412465971025348,2.646351763393962,1000000000000
485,140671857619577.31,0.17043278503790832,2.6795560545498356,1000000000000
486,140733036707452.72,0.16679740695790718,2.7129772075827217,1000000000000
487,140794215795328.12,0.16321825954527813,2.7466154179428597,1000000000000
488,140855394883203.56,0.15969506077596032,2.780470881514467,1000000000000
489,140916573971078.97,0.1562275130179471,2.8145437946177836,1000000000000
490,140977753058954.4,0.15281530352191836,2.848834354011302,1000000000000
491,141038932146829.8,0.14945810491103942,2.883342756893739,1000000000000
492,141100111234705.22,0.1461555756695121,2.918069200906268,1000000000000
493,141161290322580.66,0.1429073606295692,2.953013884134569,1000000000000
494,141222469410456.06,0.1397130914565535,2.988177005110892,1000000000000
495,141283648498331.47,0.1365723871317318,3.0235587628162683,1000000000000
496,141344827586206.9,0.13348485443255076,3.059159356682564,1000000000000
497,141406006674082.3,0.13045008841000424,3.094978986594541,1000000000000
498,141467185761957.72,0.12746767286279437,3.1310178528920685,1000000000000
499,141528364849833.16,0.12453718080801818,3.16727615637218,1000000000000
500,141589543937708.56,0.12165817494808213,3.2037540982911255,1000000000000
501,141650723025583.97,0.11883020813355388,3.2404518803665936,1000000000000
502,141711902113459.4,0.11605282382171495,3.277369704779763,1000000000000
503,141773081201334.8,0.11332555653054338,3.3145077741773545,1000000000000
504,141834260289210.25,0.11064793228786904,3.351866291673872,1000000000000
505,141895439377085.66,0.10801946907549997,3.3894454608535622,1000000000000
506,141956618464961.06,0.10543967726805388,3.4272454857726533,1000000000000
507,142017797552836.5,0.10290806006631405,3.465266570961408,1000000000000
508,142078976640711.9,0.10042411392488977,3.5035089214261745,1000000000000
509,142140155728587.3,0.09798732897397644,3.5419727426516125,1000000000000
510,142201334816462.75,0.09559718943505277,3.580658240602742,1000000000000
511,142262513904338.16,0.0932531740303276,3.6195656217269923,1000000000000
512,142323692992213.56,0.09095475638576148,3.658695092956433,1000000000000
513,142384872080089.0,0.08870140542752945,3.6980468617098206,1000000000000
514,142446051167964.4,0.08649258577176702,3.7376211358946483,1000000000000
515,142507230255839.8,0.08432775810745488,3.7774181239093725,1000000000000
516,142568409343715.25,0.08220637957233527,3.8174380346454666,1000000000000
517,142629588431590.66,0.08012790412173329,3.8576810774894645,1000000000000
518,142690767519466.06,0.07809178289016508,3.898147462325194,1000000000000
519,142751946607341.5,0.07609746454565507,3.9388373995358217,1000000000000
520,142813125695216.9,0.07414439563666142,3.979751100005903,1000000000000
521,142874304783092.3,0.07223202093152152,4.0208887751236135,1000000000000
522,142935483870967.75,0.07035978375036356,4.062250636782796,1000000000000
523,142996662958843.16,0.06852712628941164,4.103836897385005,1000000000000
524,143057842046718.56,0.06673348993762179,4.1456477698417435,1000000000000
525,143119021134594.0,0.06497831558561998,4.1876834675765116,1000000000000
526,143180200222469.4,0.0632610439268942,4.2299442045268405,1000000000000
527,143241379310344.8,0.06158111575120431,4.272430195146545,1000000000000
528,143302558398220.25,0.05993797223020187,4.315141654407753,1000000000000
529,143363737486095.66,0.05833105519523793,4.358078797802962,1000000000000
530,143424916573971.06,0.05675980740734375,4.401241841347268,1000000000000
531,143486095661846.5,0.05522367281939985,4.444631001580416,1000000000000
532,143547274749721.9,0.05372209683049231,4.4882464955688395,1000000000000
533,143608453837597.3,0.052254526532463624,4.532088540907904,1000000000000
534,143669632925472.75,0.0508204109486928,4.576157355723946,1000000000000
535,143730812013348.16,0.04941920126512384,4.620453158676318,1000000000000
536,143791991101223.6,0.0480503510535698,4.664976168959654,1000000000000
537,143853170189099.0,0.04671331648734876,4.709726606305795,1000000000000
538,143914349276974.4,0.045407556549276196,4.754704690986059,1000000000000
539,143975528364849.84,0.04413253323208153,4.799910643813283,1000000000000
540,144036707452725.25,0.04288771173129841,4.845344686143861,1000000000000
541,144097886540600.66,0.04167256063068382,4.891007039879988,1000000000000
542,144159065628476.1,0.040486552080245056,4.936897927471707,1000000000000
543,144220244716351.5,0.03932916196693846,4.98301757191894,1000000000000
544,144281423804226.9,0.038199870078111736,5.029366196773743,1000000000000
545,144342602892102.34,0.037098160257779976,5.075944026142342,1000000000000
546,144403781979977.75,0.036023520555814724,5.122751284687171,1000000000000
547,144464961067853.16,0.034975443370128804,5.169788197629122,1000000000000
548,144526140155728.6,0.03395342558196011,5.217054990749584,1000000000000
549,144587319243604.0,0.032956968684343696,5.26455189039248,1000000000000
550,144648498331479.44,0.03198557890386693,5.312279123466548,1000000000000
551,144709677419354.84,0.03103876731582219,5.360236917447243,1000000000000
552,144770856507230.25,0.030116049952847366,5.408425500379035,1000000000000
553,144832035595105.7,0.029216947907174363,5.456845100877429,1000000000000
554,144893214682981.1,0.028340987426590913,5.505495948131006,1000000000000
555,144954393770856.5,0.02748770000422458,5.554378271903683,1000000000000
556,145015572858731.94,0.026656622462272454,5.603492302536743,1000000000000
557,145076751946607.34,0.025847297029788767,5.652838270950868,1000000000000
558,145137931034482.75,0.02505927141464626,5.702416408648404,1000000000000
559,145199110122358.2,0.024292098869799123,5.752226947715391,1000000000000
560,145260289210233.6,0.02354533825396533,5.80227012082359,1000000000000
561,145321468298109.0,0.0228185540868489,5.852546161232757,1000000000000
562,145382647385984.44,0.02211131659903311,5.903055302792664,1000000000000
563,145443826473859.84,0.02142320177666644,5.9537977799451385,1000000000000
564,145505005561735.25,0.020753791401064755,6.0047738277263205,1000000000000
565,145566184649610.7,0.02010267308336282,6.055983681768699,1000000000000
566,145627363737486.1,0.019469440294339273,6.107427578303139,1000000000000
567,145688542825361.5,0.018853692389540024,6.159105754161152,1000000000000
568,145749721913236.94,0.018255034629834282,6.211018446776916,1000000000000
569,145810901001112.34,0.017673078197527725,6.26316589418932,1000000000000
570,145872080088987.75,0.01710744020815886,6.31554833504422,1000000000000
571,145933259176863.2,0.016557743718111525,6.368166008596469,1000000000000
572,145994438264738.6,0.016023617728168352,6.421019154711957,1000000000000
573,146055617352614.0,0.015504697183130063,6.474108013869864,1000000000000
574,146116796440489.44,0.015000622967632275,6.527432827164697,1000000000000
575,146177975528364.84,0.014511041898282756,6.580993836308324,1000000000000
576,146239154616240.25,0.014035606712242837,6.634791283632233,1000000000000
577,146300333704115.7,0.013573976052381186,6.688825412089564,1000000000000
578,146361512791991.1,0.013125814449121389,6.74309646525714,1000000000000
579,146422691879866.5,0.012690792299103517,6.7976046873377385,1000000000000
580,146483870967741.94,0.01226858584078495,6.852350323162109,1000000000000
581,146545050055617.34,0.011858877127098183,6.907333618191014,1000000000000
582,146606229143492.75,0.011461353995282546,6.962554818517494,1000000000000
583,146667408231368.2,0.011075710034010665,7.018014170868894,1000000000000
584,146728587319243.6,0.010701644547923472,7.073711922608892,1000000000000
585,146789766407119.03,0.010338862519686055,7.1296483217398,1000000000000
586,146850945494994.44,0.009987074569681734,7.18582361690445,1000000000000
587,146912124582869.84,0.00964599691344958,7.242238057388502,1000000000000
588,146973303670745.28,0.009315351316979175,7.298891893122466,1000000000000
589,147034482758620.7,0.008994865049968138,7.355785374683724,1000000000000
590,147095661846496.12,0.008684270837146272,7.41291875329884,1000000000000
591,147156840934371.53,0.008383306807774256,7.470292280845441,1000000000000
592,147218020022246.94,0.008091716443413735,7.527906209854525,1000000000000
593,147279199110122.38,0.0078092485240725245,7.585760793512485,1000000000000
594,147340378197997.78,0.007535657072821238,7.643856285663131,1000000000000
595,147401557285873.2,0.007270701298975772,7.7021929408099705,1000000000000
596,147462736373748.62,0.007014145539942036,7.760771014118235,1000000000000
597,147523915461624.03,0.006765759201813237,7.819590761416891,1000000000000
598,147585094549499.44,0.00652531669880813,7.8786524392009385,1000000000000
599,147646273637374.88,0.006292597391640065,7.937956304633424,1000000000000
600,147707452725250.28,0.0060673855249009515,7.99750261554746,1000000000000
601,147768631813125.7,0.005849470163542169,8.05729163044851,1000000000000
602,147829810901001.12,0.005638645128535816,8.117323608516415,1000000000000
603,147890989988876.53,0.005434708931793771,8.177598809607412,1000000000000
604,147952169076751.94,0.005237464710420594,8.238117494256413,1000000000000
605,148013348164627.38,0.005046720160376632,8.298879923679033,1000000000000
606,148074527252502.78,0.004862287469622638,8.359886359773606,1000000000000
607,148135706340378.2,0.004683983250815482,8.421137065123474,1000000000000
608,148196885428253.62,0.0045116284736246084,8.482632302999013,1000000000000
609,148258064516129.03,0.004345048396734299,8.544372337359626,1000000000000
610,148319243604004.44,0.004184072499594855,8.606357432856072,1000000000000
611,148380422691879.88,0.004028534413985919,8.66858785483245,1000000000000
612,148441601779755.28,0.0038782718554506114,8.731063869328233,1000000000000
613,148502780867630.7,0.0037331265546574482,8.793785743080564,1000000000000
614,148563959955506.12,0.0035929441887467663,8.856753743526253,1000000000000
615,148625139043381.53,0.0034575743127143147,8.919968138803815,1000000000000
616,148686318131256.94,0.003326870290882753,8.983429197755756,1000000000000
617,148747497219132.38,0.0032006892285116983,9.047137189930583,1000000000000
618,148808676307007.78,0.0030788919035929754,9.111092385584824,1000000000000
619,148869855394883.2,0.00296134269887593,9.175295055685337,1000000000000
620,148931034482758.62,0.002847909534167493,9.239745471911295,1000000000000
621,148992213570634.03,0.0027384637989479018,9.304443906656232,1000000000000
622,149053392658509.44,0.002632880285341363,9.36939063303032,1000000000000
623,149114571746384.88,0.0025310371214805364,9.4345859248624,1000000000000
624,149175750834260.28,0.002432815705300394,9.500030056701974,1000000000000
625,149236929922135.7,0.0023381006387952876,9.565723303821516,1000000000000
626,149298109010011.12,0.002246779662772735,9.631665942218502,1000000000000
627,149359288097886.53,0.0021587435921343085,9.697858248617388,1000000000000
628,149420467185761.97,0.002073886251712295,9.764300500471975,1000000000000
629,149481646273637.38,0.0019921044126909176,9.830992975967245,1000000000000
630,149542825361512.78,0.0019132977296366378,9.897935954021689,1000000000000
631,149604004449388.22,0.001837368678163054,9.965129714289338,1000000000000
632,149665183537263.62,0.0017642224932528001,10.03257453716176,1000000000000
633,149726362625139.06,0.001693767108257411,10.100270703770407,1000000000000
634,149787541713014.47,0.0016259130945960648,10.168218495988446,1000000000000
635,149848720800889.88,0.0015605736021705036,10.23641819643312,1000000000000
636,149909899888765.3,0.0014976643005142445,10.30487008846774,1000000000000
637,149971078976640.72,0.00143710332069139,10.373574456203697,1000000000000
638,150032258064516.12,0.0013788111979592852,10.44253158450278,1000000000000
639,150093437152391.56,0.0013227108152088088,10.511741758979177,1000000000000
640,150154616240266.97,0.001268727347193908,10.581205266001481,1000000000000
641,150215795328142.38,0.0012167882055609655,10.650922392695016,1000000000000
642,150276974416017.8,0.0011668229846881434,10.720893426943817,1000000000000
643,150338153503893.22,0.001118763408342888,10.791118657392667,1000000000000
644,150399332591768.62,0.0010725432771648742,10.861598373449388,1000000000000
645,150460511679644.06,0.0010280984169811949,10.932332865286861,1000000000000
646,150521690767519.47,0.0009853666279589332,11.00332242384502,1000000000000
647,150582869855394.88,0.0009442876345993526,11.074567340833182,1000000000000
648,150644048943270.3,0.0009048030365775728,11.14606790873204,1000000000000
649,150705228031145.72,0.0008668562604300736,11.217824420795669,1000000000000
650,150766407119021.12,0.000830392512091597,11.289837171053849,1000000000000
651,150827586206896.56,0.0007953587302826501,11.362106454314075,1000000000000
652,150888765294771.97,0.0007617035407475102,11.434632566163533,1000000000000
653,150949944382647.38,0.0007293772113418973,11.507415802971462,1000000000000
654,151011123470522.8,0.0006983316079692039,11.580456461891115,1000000000000
655,151072302558398.22,0.0006685201513630169,11.653754840861795,1000000000000
656,151133481646273.62,0.0006398977747129847,11.727311238611149,1000000000000
657,151194660734149.06,0.0006124208821309191,11.8011259546572,1000000000000
658,151255839822024.47,0.0005860473079529505,11.875199289310318,1000000000000
659,151317018909899.88,0.0005607362768730011,11.949531543675564,1000000000000
660,151378197997775.3,0.0005364483649027028,12.024123019654688,1000000000000
661,151439377085650.72,0.0005131454611519471,12.09897401994812,1000000000000
662,151500556173526.12,0.0004907907304238165,12.174084848057309,1000000000000
663,151561735261401.56,0.00046934857661749867,12.249455808286715,1000000000000
664,151622914349276.97,0.0004487846069320157,12.325087205745804,1000000000000
665,151684093437152.38,0.00042906559686322026,12.400979346351392,1000000000000
666,151745272525027.8,0.0004101594559864053,12.47713253682963,1000000000000
667,151806451612903.22,0.0003920351945162235,12.553547084718009,1000000000000
668,151867630700778.62,0.00037466289063529837,12.630223298367678,1000000000000
669,151928809788654.06,0.00035801365858284946,12.707161486945468,1000000000000
670,151989988876529.47,0.000342059617494104,12.784361960435854,1000000000000
671,152051167964404.88,0.0003267738609810185,12.861825029643327,1000000000000
672,152112347052280.3,0.00031213042744481466,12.939551006194355,1000000000000
673,152173526140155.72,0.00029810427111037454,13.0175402025394,1000000000000
674,152234705228031.16,0.00028467123377234866,13.095792931955287,1000000000000
675,152295884315906.56,0.0002718080172428964,13.174309508547,1000000000000
676,152357063403781.97,0.00025949215649041335,13.253090247250073,1000000000000
677,152418242491657.4,0.0002477019934588494,13.332135463832579,1000000000000
678,152479421579532.8,0.00023641665155683093,13.41144547489711,1000000000000
679,152540600667408.25,0.00022561601080571604,13.491020597883175,1000000000000
680,152601779755283.66,0.0002152806836358064,13.570861151068986,1000000000000
681,152662958843159.06,0.00020539199131954782,13.650967453573847,1000000000000
682,152724137931034.5,0.00019593194103078725,13.731339825360143,1000000000000
683,152785317018909.9,0.00018688320351891515,13.81197858723533,1000000000000
684,152846496106785.3,0.0001782290913866832,13.892884060854275,1000000000000
685,152907675194660.75,0.00016995353796061223,13.974056568721268,1000000000000
686,152968854282536.16,0.00016204107674273863,14.055496434191976,1000000000000
687,153030033370411.56,0.00015447682143246387,14.137203981475821,1000000000000
688,153091212458287.0,0.00014724644650740263,14.219179535637961,1000000000000
689,153152391546162.4,0.00014033616835201486,14.301423422601268,1000000000000
690,153213570634037.8,0.0001337327269228586,14.383935969148693,1000000000000
691,153274749721913.25,0.00012742336793943675,14.466717502925244,1000000000000
692,153335928809788.66,0.00012139582558955836,14.549768352439976,1000000000000
693,153397107897664.06,0.00011563830573820536,14.633088847068347,1000000000000
694,153458286985539.5,0.00011013946962904771,14.716679317054197,1000000000000
695,153519466073414.9,0.00010488841806773903,14.800540093511746,1000000000000
696,153580645161290.3,9.987467607621153e-05,14.88467150842793,1000000000000
697,153641824249165.75,9.508817800735833e-05,14.96907389466441,1000000000000
698,153703003337041.16,9.05192531095096e-05,15.053747585959542,1000000000000
699,153764182424916.56,8.615861153021499e-05,15.138692916930728,1000000000000
700,153825361512792.0,8.199733074902625e-05,15.223910223076427,1000000000000
701,153886540600667.4,7.802684242901053e-05,15.3093998407781,1000000000000
702,153947719688542.8,7.423891967685902e-05,15.39516210730261,1000000000000
703,154008898776418.25,7.062566470163104e-05,15.48119736080418,1000000000000
704,154070077864293.66,6.717949686224203e-05,15.567505940326377,1000000000000
705,154131256952169.06,6.389314109394483e-05,15.654088185804481,1000000000000
706,154192436040044.5,6.0759616704232846e-05,15.740944438067467,1000000000000
707,154253615127919.9,5.777222652868622e-05,15.828075038839982,1000000000000
708,154314794215795.3,5.492454643742418e-05,15.915480330744712,1000000000000
709,154375973303670.75,5.2210415183014775e-05,16.003160657304363,1000000000000
710,154437152391546.16,4.9623924580794795e-05,16.091116362943637,1000000000000
711,154498331479421.56,4.715941001270581e-05,16.17934779299161,1000000000000
712,154559510567297.0,4.481144124593739e-05,16.26785529368369,1000000000000
713,154620689655172.4,4.257481355778249e-05,16.356639212163632,1000000000000
714,154681868743047.8,4.04445391582669e-05,16.445699896485852,1000000000000
715,154743047830923.25,3.841583890229898e-05,16.535037695617472,1000000000000
716,154804226918798.66,3.6484134283207754e-05,16.624652959440237,1000000000000
717,154865406006674.06,3.464503969969443e-05,16.714546038752932,1000000000000
718,154926585094549.5,3.2894354988408576e-05,16.804717285273338,1000000000000
719,154987764182424.9,3.122805821448195e-05,16.895167051640197,1000000000000
720,155048943270300.34,2.964229871251471e-05,16.98589569141566,1000000000000
721,155110122358175.75,2.8133390370692162e-05,17.076903559087018,1000000000000
722,155171301446051.16,2.669780515081799e-05,17.168191010069137,1000000000000
723,155232480533926.6,2.5332166837251134e-05,17.25975840070642,1000000000000
724,155293659621802.0,2.4033245007857273e-05,17.351606088274778,1000000000000
725,155354838709677.44,2.2797949220241734e-05,17.443734430984083,1000000000000
726,155416017797552.84,2.1623323406705244e-05,17.53614378797988,1000000000000
727,155477196885428.25,2.0506540471478952e-05,17.628834519345837,1000000000000
728,155538375973303.7,1.9444897083980057e-05,17.721806986105708,1000000000000
729,155599555061179.1,1.843580866195485e-05,17.8150615502253,1000000000000
730,155660734149054.5,1.74768045385262e-05,17.90859857461486,1000000000000
731,155721913236929.94,1.6565523307321072e-05,18.002418423131065,1000000000000
732,155783092324805.34,1.569970833998321e-05,18.096521460578955,1000000000000
733,155844271412680.75,1.4877203470519632e-05,18.19090805271436,1000000000000
734,155905450500556.2,1.4095948841081903e-05,18.285578566245835,1000000000000
735,155966629588431.6,1.3353976903909467e-05,18.380533368836655,1000000000000
736,156027808676307.0,1.2649408574299622e-05,18.475772829107182,1000000000000
737,156088987764182.44,1.1980449529614357e-05,18.571297316636855,1000000000000
738,156150166852057.84,1.1345386649456244e-05,18.66710720196614,1000000000000
739,156211345939933.25,1.0742584592276688e-05,18.76320285659893,1000000000000
740,156272525027808.7,1.017048250381812e-05,18.859584653004518,1000000000000
741,156333704115684.1,9.627590852908173e-06,18.956252964619548,1000000000000
742,156394883203559.5,9.112488390250158e-06,19.053208165850418,1000000000000
743,156456062291434.94,8.623819225982607e-06,19.150450632075252,1000000000000
744,156517241379310.34,8.160290021893987e-06,19.247980739645858,1000000000000
745,156578420467185.75,7.720667294296009e-06,19.345798865890114,1000000000000
746,156639599555061.2,7.303774823682188e-06,19.44390538911396,1000000000000
747,156700778642936.6,6.908491167403466e-06,19.542300688603333,1000000000000
748,156761957730812.0,6.53374727170536e-06,19.640985144626594,1000000000000
749,156823136818687.44,6.178524179585161e-06,19.73995913843646,1000000000000
750,156884315906562.84,5.841850831027609e-06,19.839223052271986,1000000000000
751,156945494994438.25,5.5228019522834775e-06,19.938777269360983,1000000000000
752,157006674082313.7,5.220496030961185e-06,20.03862217392194,1000000000000
753,157067853170189.1,4.934093373796506e-06,20.13875815116601,1000000000000
754,157129032258064.5,4.66279424406362e-06,20.239185587299414,1000000000000
755,157190211345939.94,4.4058370756896535e-06,20.339904869525405,1000000000000
756,157251390433815.34,4.162496761223765e-06,20.440916386046204,1000000000000
757,157312569521690.75,3.932083010902871e-06,20.542220526065446,1000000000000
758,157373748609566.2,3.713938780148218e-06,20.643817679790107,1000000000000
759,157434927697441.6,3.507438762909755e-06,20.74570823843247,1000000000000
760,157496106785317.0,3.3119879483597837e-06,20.84789259421255,1000000000000
761,157557285873192.44,3.1270202385225603e-06,20.950371140360026,1000000000000
762,157618464961067.84,2.9519971245032926e-06,21.053144271116224,1000000000000
763,157679644048943.28,2.786406419058182e-06,21.15621238173657,1000000000000
764,157740823136818.7,2.6297610433264067e-06,21.25957586849228,1000000000000
765,157802002224694.1,2.481597865613342e-06,21.36323512867285,1000000000000
766,157863181312569.53,2.3414765901917026e-06,21.46719056058799,1000000000000
767,157924360400444.94,2.2089786941534755e-06,21.571442563569597,1000000000000
768,157985539488320.38,2.083706410414127e-06,21.675991537974202,1000000000000
769,158046718576195.78,1.9652817550390152e-06,21.78083788518469,1000000000000
770,158107897664071.2,1.8533455971220583e-06,21.885982007612753,1000000000000
771,158169076751946.62,1.747556769513194e-06,21.99142430870085,1000000000000
772,158230255839822.03,1.6475912187488835e-06,22.09716519292416,1000000000000
773,158291434927697.44,1.5531411925994587e-06,22.20320506579301,1000000000000
774,158352614015572.88,1.4639144637050672e-06,22.30954433385482,1000000000000
775,158413793103448.28,1.3796335878262293e-06,22.416183404696035,1000000000000
776,158474972191323.7,1.3000351952884748e-06,22.523122686944593,1000000000000
777,158536151279199.12,1.2248693142540732e-06,22.630362590271847,1000000000000
778,158597330367074.53,1.1538987245028067e-06,22.73790352539451,1000000000000
779,158658509454949.94,1.0868983404527732e-06,22.845745904077095,1000000000000
780,158719688542825.38,1.0236546222006606e-06,22.953890139133875,1000000000000
781,158780867630700.78,9.639650134054874e-07,23.062336644430804,1000000000000
782,158842046718576.2,9.076374048844971e-07,23.171085834887958,1000000000000
783,158903225806451.62,8.544896228335059e-07,23.2801381264815,1000000000000
784,158964404894327.03,8.043489406247454e-07,23.389493936245607,1000000000000
785,159025583982202.44,7.570516131754823e-07,23.4991536822749,1000000000000
786,159086763070077.88,7.12442432920273e-07,23.60911778372642,1000000000000
787,159147942157953.28,6.703743064564976e-07,23.719386660821524,1000000000000
788,159209121245828.7,6.307078509691961e-07,23.829960734848374,1000000000000
789,159270300333704.12,5.933110095769425e-07,23.94084042816386,1000000000000
790,159331479421579.53,5.58058684773642e-07,24.052026164195517,1000000000000
791,159392658509454.94,5.248323891740049e-07,24.163518367444013,1000000000000
792,159453837597330.38,4.93519912802475e-07,24.27531746348506,1000000000000
793,159515016685205.78,4.640150061953291e-07,24.387423878971365,1000000000000
794,159576195773081.2,4.3621707861515864e-07,24.499838041635062,1000000000000
795,159637374860956.62,4.1003091070570486e-07,24.612560380289693,1000000000000
796,159698553948832.03,3.8536638094191473e-07,24.725591324832088,1000000000000
797,159759733036707.44,3.621382052565362e-07,24.838931306244856,1000000000000
798,159820912124582.88,3.4026568925029887e-07,24.952580756598316,1000000000000
799,159882091212458.28,3.196724924168807e-07,25.06654010905242,1000000000000
800,159943270300333.7,3.002864038374644e-07,25.180809797859226,1000000000000
801,160004449388209.12,2.8203912882274143e-07,25.295390258364815,1000000000000
802,160065628476084.53,2.6486608600174145e-07,25.410281927011244,1000000000000
803,160126807563959.94,2.4870621437802407e-07,25.525485241338988,1000000000000
804,160187986651835.38,2.3350178989422298e-07,25.641000639988874,1000000000000
805,160249165739710.78,2.1919825106522417e-07,25.756828562704037,1000000000000
806,160310344827586.2,2.0574403325903073e-07,25.872969450332356,1000000000000
807,160371523915461.62,1.9309041122260854e-07,25.989423744828386,1000000000000
808,160432703003337.03,1.8119134946715857e-07,26.10619188925532,1000000000000
809,160493882091212.47,1.7000336014393337e-07,26.22327432778747,1000000000000
810,160555061179087.88,1.5948536805797367e-07,26.34067150571193,1000000000000
811,160616240266963.28,1.4959858248218257e-07,26.458383869431096,1000000000000
812,160677419354838.72,1.4030637544929984e-07,26.576411866464593,1000000000000
813,160738598442714.12,1.315741662132916e-07,26.694755945451195,1000000000000
814,160799777530589.56,1.2336931158537567e-07,26.813416556151378,1000000000000
815,160860956618464.97,1.1566100186310676e-07,26.93239414944892,1000000000000
816,160922135706340.38,1.0842016208328436e-07,27.051689177353452,1000000000000
817,160983314794215.8,1.0161935834173414e-07,27.171302093002378,1000000000000
818,161044493882091.22,9.523270893440894e-08,27.291233350662797,1000000000000
819,161105672969966.62,8.92358000853762e-08,27.411483405733982,1000000000000
820,161166852057842.06,8.360560603797107e-08,27.532052714749316,1000000000000
821,161228031145717.47,7.83204132954795e-08,27.6529417353782,1000000000000
822,161289210233592.88,7.335974880750716e-08,27.774150926428522,1000000000000
823,161350389321468.3,6.870431190760597e-08,27.895680747848637,1000000000000
824,161411568409343.72,6.433590981662338e-08,28.0175316607292,1000000000000
825,161472747497219.12,6.023739653482288e-08,28.139704127305734,1000000000000
826,161533926585094.56,5.6392614954113824e-08,28.262198610960503,1000000000000
827,161595105672969.97,5.278634202952231e-08,28.38501557622443,1000000000000
828,161656284760845.38,4.940423685657668e-08,28.508155488779625,1000000000000
829,161717463848720.8,4.6232791508539335e-08,28.631618815461245,1000000000000
830,161778642936596.22,4.325928449424737e-08,28.75540602425948,1000000000000
831,161839822024471.62,4.0471736703935163e-08,28.879517584321988,1000000000000
832,161901001112347.06,3.785886971674938e-08,29.00395396595583,1000000000000
833,161962180200222.47,3.5410066349651943e-08,29.1287156406294,1000000000000
834,162023359288097.88,3.3115333333178404e-08,29.253803080974905,1000000000000
835,162084538375973.3,3.096526600505215e-08,29.37921676079028,1000000000000
836,162145717463848.72,2.895101491788369e-08,29.504957155041104,1000000000000
837,162206896551724.12,2.706425426221136e-08,29.631024739863125,1000000000000
838,162268075639599.56,2.5297152010971496e-08,29.75741999256412,1000000000000
839,162329254727474.97,2.3642341696030664e-08,29.884143391625855,1000000000000
840,162390433815350.38,2.2092895731800588e-08,30.011195416706553,1000000000000
841,162451612903225.8,2.0642300205148498e-08,30.138576548642856,1000000000000
842,162512791991101.22,1.9284431054777013e-08,30.266287269451656,1000000000000
843,162573971078976.62,1.801353156705345e-08,30.394328062332693,1000000000000
844,162635150166852.06,1.6824191118912587e-08,30.522699411670377,1000000000000
845,162696329254727.47,1.5711325101895025e-08,30.651401803035768,1000000000000
846,162757508342602.88,1.4670155964681636e-08,30.780435723189054,1000000000000
847,162818687430478.3,1.3696195314646457e-08,30.909801660081445,1000000000000
848,162879866518353.72,1.27852270219256e-08,31.03950010285711,1000000000000
849,162941045606229.12,1.1933291272359118e-08,31.169531541855672,1000000000000
850,163002224694104.56,1.1136669518394597e-08,31.299896468614122,1000000000000
851,163063403781979.97,1.0391870279617088e-08,31.43059537586871,1000000000000
852,163124582869855.38,9.69561574703915e-09,31.561628757557493,1000000000000
853,163185761957730.8,9.04482914764496e-09,31.6929971088222,1000000000000
854,163246941045606.22,8.436622827905555e-09,31.82470092601017,1000000000000
855,163308120133481.66,7.868287017112954e-09,31.956740706676907,1000000000000
856,163369299221357.06,7.337279233415672e-09,32.08911694958768,1000000000000
857,163430478309232.47,6.8412142973485994e-09,32.22183015472008,1000000000000
858,163491657397107.9,6.377854919498764e-09,32.35488082326594,1000000000000
859,163552836484983.3,5.945102830680472e-09,32.4882694576332,1000000000000
860,163614015572858.75,5.540990424652504e-09,32.62199656144858,1000000000000
861,163675194660734.16,5.163672884992e-09,32.75606263955907,1000000000000
862,163736373748609.56,4.8114207692251855e-09,32.8904681980345,1000000000000
863,163797552836485.0,4.482613024749672e-09,33.02521374416952,1000000000000
864,163858731924360.4,4.175730412427203e-09,33.160299786485446,1000000000000
865,163919911012235.8,3.8893493150104865e-09,33.29572683473282,1000000000000
866,163981090100111.25,3.622135908792289e-09,33.43149539989325,1000000000000
867,164042269187986.66,3.3728406780170804e-09,33.56760599418139,1000000000000
868,164103448275862.06,3.1402932526964805e-09,33.704059131047416,1000000000000
869,164164627363737.5,2.923397551516081e-09,33.840855325178914,1000000000000
870,164225806451612.9,2.7211272125077745e-09,33.97799509250284,1000000000000
871,164286985539488.3,2.532521295101841e-09,34.11547895018796,1000000000000
872,164348164627363.75,2.3566802380670204e-09,34.25330741664686,1000000000000
873,164409343715239.16,2.1927620586890195e-09,34.39148101153775,1000000000000
874,164470522803114.56,2.039978779340186e-09,34.530000255767014,1000000000000
875,164531701890990.0,1.8975930683549703e-09,34.668865671491155,1000000000000
876,164592880978865.4,1.764915082844067e-09,34.80807778211863,1000000000000
877,164654060066740.8,1.641299501763096e-09,34.947637112312435,1000000000000
878,164715239154616.25,1.526142738200603e-09,35.08754418799197,1000000000000
879,164776418242491.66,1.418880320460925e-09,35.22779953633493,1000000000000
880,164837597330367.06,1.3189844320985568e-09,35.368403685779874,1000000000000
881,164898776418242.5,1.2259616016118777e-09,35.50935716602809,1000000000000
882,164959955506117.9,1.1393505330231196e-09,35.650660508045505,1000000000000
883,165021134593993.3,1.0587200690645069e-09,35.792314244065196,1000000000000
884,165082313681868.75,9.836672791584292e-10,35.93431890758933,1000000000000
885,165143492769744.16,9.138156648194341e-10,36.076675033391034,1000000000000
886,165204671857619.56,8.488134755238877e-10,36.21938315751691,1000000000000
887,165265850945495.0,7.883321284892857e-10,36.362443817288984,1000000000000
888,165327030033370.4,7.320647261778459e-10,36.505857551306526,1000000000000
889,165388209121245.8,6.797246656926424e-10,36.64962489944867,1000000000000
890,165449388209121.25,6.310443345695373e-10,36.79374640287625,1000000000000
891,165510567296996.66,5.857738877831573e-10,36.93822260403371,1000000000000
892,165571746384872.06,5.436801010838995e-10,37.083054046651654,1000000000000
893,165632925472747.5,5.045452960657387e-10,37.22824127574872,1000000000000
894,165694104560622.9,4.681663326304374e-10,37.37378483763351,1000000000000
895,165755283648498.3,4.3435366476575227e-10,37.519685279907065,1000000000000
896,165816462736373.75,4.029304557934543e-10,37.66594315146482,1000000000000
897,165877641824249.16,3.737317494671398e-10,37.81255900249849,1000000000000
898,165938820912124.6,3.46603693511766e-10,37.959533384498634,1000000000000
899,166000000000000.0,3.214028123976094e-10,38.10686685025623,1000000000000
